frequency,raw
20.000,-52.3982
20.291,-52.3864
20.585,-52.5275
20.884,-52.6748
21.188,-52.8609
21.495,-53.3882
21.808,-54.0618
22.124,-54.1643
22.446,-54.8475
22.772,-55.4000
23.103,-55.6785
23.438,-55.6566
23.779,-55.5047
24.124,-55.2407
24.474,-54.6974
24.830,-54.3495
25.191,-53.9579
25.557,-53.4693
25.928,-52.8382
26.304,-52.1831
26.686,-51.2784
27.074,-50.2761
27.467,-48.4222
27.866,-47.4765
28.271,-46.6092
28.682,-45.8218
29.098,-44.6454
29.521,-44.0139
29.950,-43.4150
30.385,-42.5355
30.826,-42.0708
31.274,-41.4637
31.728,-41.0219
32.189,-40.7651
32.657,-40.4541
33.131,-40.1820
33.612,-39.6990
34.101,-39.3617
34.596,-38.7189
35.099,-38.4131
35.608,-37.8898
36.126,-37.5720
36.650,-36.9802
37.183,-36.7266
37.723,-36.3678
38.271,-35.9067
38.827,-35.4735
39.391,-35.1910
39.963,-34.5440
40.543,-33.8517
41.132,-32.9218
41.730,-32.4715
42.336,-31.8092
42.951,-31.1962
43.575,-30.6591
44.208,-30.2056
44.850,-29.5791
45.501,-29.0083
46.162,-28.3268
46.833,-27.7954
47.513,-27.2028
48.203,-26.6436
48.903,-26.2145
49.614,-25.5420
50.334,-25.0384
51.066,-24.5536
51.807,-24.1047
52.560,-23.6872
53.323,-23.3620
54.098,-23.0504
54.884,-22.6561
55.681,-22.3397
56.490,-21.9948
57.310,-21.7492
58.143,-21.4516
58.987,-21.2223
59.844,-20.9728
60.713,-20.7612
61.595,-20.5922
62.490,-20.3421
63.398,-20.1462
64.319,-19.9522
65.253,-19.7493
66.201,-19.5560
67.162,-19.3416
68.138,-19.1476
69.128,-18.9579
70.132,-18.8361
71.151,-18.6839
72.184,-18.5857
73.233,-18.4823
74.296,-18.4114
75.376,-18.2885
76.470,-18.1502
77.581,-18.0312
78.708,-17.8841
79.851,-17.7794
81.011,-17.6954
82.188,-17.6649
83.382,-17.6561
84.593,-17.6754
85.822,-17.7163
87.068,-17.7563
88.333,-17.8271
89.616,-17.9121
90.918,-18.0185
92.239,-18.1301
93.579,-18.2537
94.938,-18.3901
96.317,-18.5874
97.716,-18.7582
99.135,-18.9717
100.575,-19.1614
102.036,-19.3748
103.518,-19.5528
105.022,-19.7358
106.548,-19.9110
108.095,-20.0429
109.665,-20.1931
111.258,-20.3388
112.874,-20.4631
114.514,-20.6072
116.177,-20.7942
117.865,-20.9697
119.577,-21.1666
121.314,-21.4178
123.076,-21.7321
124.864,-22.0431
126.678,-22.4565
128.518,-22.8133
130.385,-23.2844
132.279,-23.7538
134.200,-24.3319
136.149,-24.9655
138.127,-25.6317
140.133,-26.2242
142.169,-26.9285
144.234,-27.7005
146.329,-28.4492
148.455,-29.3484
150.611,-30.1045
152.799,-30.8971
155.018,-31.7688
157.270,-32.5118
159.554,-33.3278
161.872,-33.9928
164.223,-34.6656
166.609,-35.2321
169.029,-35.7304
171.484,-36.1095
173.975,-36.3959
176.502,-36.5463
179.066,-36.4107
181.667,-36.0190
184.306,-35.4098
186.983,-34.6408
189.699,-33.9344
192.455,-33.2665
195.250,-32.6108
198.086,-32.0429
200.964,-31.6236
203.883,-31.2440
206.844,-30.8792
209.849,-30.5626
212.897,-30.2982
215.990,-30.0225
219.127,-29.7607
222.310,-29.5292
225.539,-29.3172
228.815,-29.1571
232.139,-29.0574
235.511,-29.0067
238.932,-29.0218
242.403,-29.1044
245.924,-29.2424
249.496,-29.3917
253.120,-29.5138
256.797,-29.5977
260.527,-29.6514
264.311,-29.6909
268.151,-29.7241
272.046,-29.7779
275.997,-29.8946
280.006,-30.0827
284.074,-30.3130
288.200,-30.5907
292.386,-30.8979
296.633,-31.2310
300.942,-31.5706
305.314,-31.8479
309.748,-32.1067
314.248,-32.3138
318.812,-32.5192
323.443,-32.7866
328.142,-33.1385
332.908,-33.5545
337.744,-34.0405
342.650,-34.5454
347.627,-35.0035
352.677,-35.3878
357.799,-35.6750
362.997,-35.7972
368.269,-35.7928
373.619,-35.6928
379.046,-35.5471
384.552,-35.4063
390.138,-35.2627
395.805,-35.1547
401.554,-35.0765
407.387,-34.9886
413.304,-34.8891
419.308,-34.7901
425.399,-34.7003
431.578,-34.5855
437.847,-34.4267
444.207,-34.2442
450.659,-34.0276
457.205,-33.7854
463.847,-33.5057
470.584,-33.2167
477.420,-32.9728
484.355,-32.8009
491.390,-32.7189
498.528,-32.7120
505.770,-32.7504
513.116,-32.8235
520.570,-32.9247
528.131,-33.0282
535.803,-33.1532
543.586,-33.2940
551.482,-33.4275
559.492,-33.5396
567.619,-33.6094
575.864,-33.6581
584.229,-33.7262
592.715,-33.7367
601.325,-33.6706
610.060,-33.5598
618.921,-33.3564
627.912,-33.1083
637.032,-32.8637
646.286,-32.6497
655.673,-32.4502
665.198,-32.2389
674.860,-31.9961
684.663,-31.7608
694.608,-31.6024
704.698,-31.5000
714.934,-31.4237
725.319,-31.3923
735.855,-31.4229
746.543,-31.5071
757.387,-31.6522
768.389,-31.8747
779.550,-32.1324
790.874,-32.4361
802.362,-32.7683
814.017,-33.1085
825.841,-33.4309
837.837,-33.7500
850.007,-34.0726
862.354,-34.3334
874.880,-34.4610
887.588,-34.4362
900.481,-34.3395
913.561,-34.2667
926.831,-34.2186
940.294,-34.2425
953.953,-34.3173
967.810,-34.3413
981.868,-34.3225
996.130,-34.1779
1010.599,-33.9493
1025.279,-33.7050
1040.172,-33.2366
1055.281,-32.5359
1070.610,-31.9162
1086.161,-31.4466
1101.938,-31.1127
1117.945,-30.8915
1134.184,-30.8133
1150.659,-30.7078
1167.373,-30.5465
1184.330,-30.1955
1201.533,-29.7539
1218.986,-29.4290
1236.693,-29.1731
1254.656,-28.9369
1272.881,-28.7450
1291.371,-28.6437
1310.129,-28.6846
1329.159,-28.8603
1348.466,-29.0690
1368.053,-29.1971
1387.925,-29.1863
1408.086,-29.0365
1428.539,-28.7774
1449.290,-28.4725
1470.342,-28.2156
1491.700,-28.0585
1513.367,-27.8605
1535.350,-27.6934
1557.652,-27.3847
1580.278,-27.1153
1603.233,-26.9489
1626.521,-26.7650
1650.147,-26.6202
1674.117,-26.5234
1698.434,-26.4602
1723.105,-26.4716
1748.135,-26.5479
1773.528,-26.6117
1799.289,-26.6398
1825.425,-26.6766
1851.941,-26.7427
1878.841,-26.9008
1906.133,-27.1814
1933.821,-27.4273
1961.911,-27.7017
1990.409,-27.9795
2019.321,-28.0705
2048.653,-27.9996
2078.411,-27.9565
2108.601,-28.0104
2139.230,-28.0201
2170.304,-27.9827
2201.829,-28.0310
2233.812,-28.2215
2266.260,-28.5048
2299.179,-28.7738
2332.576,-29.0462
2366.458,-29.1978
2400.833,-29.2857
2435.707,-29.3655
2471.087,-29.5691
2506.981,-29.8316
2543.397,-30.2272
2580.341,-30.8044
2617.823,-31.3016
2655.848,-31.5368
2694.426,-31.7422
2733.565,-32.0664
2773.272,-32.1387
2813.555,-31.9795
2854.424,-31.8780
2895.887,-31.9698
2937.951,-32.0365
2980.627,-32.0344
3023.923,-31.9407
3067.847,-31.9320
3112.410,-31.9896
3157.620,-32.0437
3203.486,-32.1608
3250.019,-32.3830
3297.228,-32.6155
3345.123,-32.8828
3393.713,-33.2161
3443.009,-33.4006
3493.021,-33.6197
3543.759,-33.9886
3595.235,-34.3382
3647.458,-34.5669
3700.440,-34.7110
3754.192,-34.9654
3808.724,-35.4530
3864.048,-35.7063
3920.176,-35.7464
3977.119,-35.5431
4034.890,-35.2111
4093.499,-34.8695
4152.960,-34.4295
4213.285,-34.0914
4274.486,-33.7682
4336.575,-33.5723
4399.567,-33.4707
4463.474,-33.2647
4528.309,-33.1167
4594.086,-32.9236
4660.818,-32.8077
4728.520,-32.6791
4797.205,-32.5814
4866.887,-32.5119
4937.582,-32.5261
5009.304,-32.5107
5082.068,-32.4560
5155.888,-32.3951
5230.781,-32.4629
5306.762,-32.4319
5383.846,-32.3770
5462.050,-32.2208
5541.390,-31.9816
5621.883,-31.7943
5703.544,-31.6521
5786.392,-31.6155
5870.444,-31.5527
5955.716,-31.5570
6042.227,-31.5853
6129.994,-31.6232
6219.037,-31.6196
6309.372,-31.5754
6401.020,-31.4998
6493.999,-31.4607
6588.329,-31.2560
6684.029,-31.0887
6781.119,-30.9323
6879.620,-30.8121
6979.551,-30.6584
7080.934,-30.4771
7183.789,-30.2845
7288.139,-30.0021
7394.004,-29.7689
7501.407,-29.7122
7610.370,-29.6745
7720.916,-29.6139
7833.068,-29.5715
7946.848,-29.5115
8062.282,-29.5097
8179.392,-29.5744
8298.203,-29.7222
8418.740,-29.8698
8541.028,-30.0647
8665.093,-30.2838
8790.959,-30.5940
8918.654,-30.9377
9048.203,-31.2727
9179.635,-31.6825
9312.975,-32.0150
9448.253,-31.9977
9585.495,-31.9743
9724.731,-31.8884
9865.989,-31.8587
10009.300,-31.8105
10154.692,-31.7127
10302.195,-31.5947
10451.842,-31.4790
10603.662,-31.4481
10757.688,-31.4115
10913.950,-31.3045
11072.483,-31.1605
11233.319,-31.0702
11396.490,-30.9736
11562.032,-30.9072
11729.979,-30.8392
11900.365,-30.8107
12073.226,-30.7358
12248.597,-30.6998
12426.517,-30.5655
12607.021,-30.4277
12790.146,-30.2132
12975.932,-30.1031
13164.416,-30.0364
13355.638,-29.9871
13549.638,-29.9664
13746.456,-30.0098
13946.133,-30.1093
14148.710,-30.1952
14354.230,-30.2953
14562.735,-30.3464
14774.268,-30.4670
14988.875,-30.6465
15206.599,-30.8327
15427.485,-31.0163
15651.580,-31.2809
15878.930,-31.7079
16109.582,-32.3483
16343.585,-32.9131
16580.987,-33.4949
16821.837,-34.0715
17066.186,-34.6319
17314.084,-35.1845
17565.583,-35.6719
17820.735,-36.2068
18079.593,-36.8058
18342.212,-37.6423
18608.645,-38.5375
18878.949,-39.3553
19153.178,-40.4085
19431.391,-42.0613
19713.646,-44.3099
20000.000,-46.5130
