# Binelli & Farina in-car target (AES 125th Conv. 2008, paper 7575), as plotted in Toole, 'The Measurement and Calibration of Sound Reproducing Systems', JAES 63(7/8), 2015, Fig. 15. Its 20-50 Hz high-pass (to -24 dB at 20 Hz) is NOT included; held flat below 50 Hz.
# Digitised BY EYE from the published plot against its gridlines (2026-09-18), ~+-1 dB; points: 50:7.6 100:8 500:0 700:-1.5 1000:-1.5 5000:-1.5 10000:-2.5 20000:-3.8
# Log-frequency interpolation, held flat beyond the end points. Level arbitrary (careq normalises 200 Hz-2 kHz).
frequency,raw
20.000,7.600
20.291,7.600
20.585,7.600
20.884,7.600
21.188,7.600
21.495,7.600
21.808,7.600
22.124,7.600
22.446,7.600
22.772,7.600
23.103,7.600
23.438,7.600
23.779,7.600
24.124,7.600
24.474,7.600
24.830,7.600
25.191,7.600
25.557,7.600
25.928,7.600
26.304,7.600
26.686,7.600
27.074,7.600
27.467,7.600
27.866,7.600
28.271,7.600
28.682,7.600
29.098,7.600
29.521,7.600
29.950,7.600
30.385,7.600
30.826,7.600
31.274,7.600
31.728,7.600
32.189,7.600
32.657,7.600
33.131,7.600
33.612,7.600
34.101,7.600
34.596,7.600
35.099,7.600
35.608,7.600
36.126,7.600
36.650,7.600
37.183,7.600
37.723,7.600
38.271,7.600
38.827,7.600
39.391,7.600
39.963,7.600
40.543,7.600
41.132,7.600
41.730,7.600
42.336,7.600
42.951,7.600
43.575,7.600
44.208,7.600
44.850,7.600
45.501,7.600
46.162,7.600
46.833,7.600
47.513,7.600
48.203,7.600
48.903,7.600
49.614,7.600
50.334,7.604
51.066,7.612
51.807,7.620
52.560,7.629
53.323,7.637
54.098,7.645
54.884,7.654
55.681,7.662
56.490,7.670
57.310,7.679
58.143,7.687
58.987,7.695
59.844,7.704
60.713,7.712
61.595,7.720
62.490,7.729
63.398,7.737
64.319,7.745
65.253,7.754
66.201,7.762
67.162,7.770
68.138,7.779
69.128,7.787
70.132,7.795
71.151,7.804
72.184,7.812
73.233,7.820
74.296,7.829
75.376,7.837
76.470,7.845
77.581,7.854
78.708,7.862
79.851,7.870
81.011,7.878
82.188,7.887
83.382,7.895
84.593,7.903
85.822,7.912
87.068,7.920
88.333,7.928
89.616,7.937
90.918,7.945
92.239,7.953
93.579,7.962
94.938,7.970
96.317,7.978
97.716,7.987
99.135,7.995
100.575,7.971
102.036,7.900
103.518,7.828
105.022,7.756
106.548,7.685
108.095,7.613
109.665,7.541
111.258,7.470
112.874,7.398
114.514,7.326
116.177,7.255
117.865,7.183
119.577,7.111
121.314,7.040
123.076,6.968
124.864,6.896
126.678,6.825
128.518,6.753
130.385,6.681
132.279,6.610
134.200,6.538
136.149,6.466
138.127,6.394
140.133,6.323
142.169,6.251
144.234,6.179
146.329,6.108
148.455,6.036
150.611,5.964
152.799,5.893
155.018,5.821
157.270,5.749
159.554,5.678
161.872,5.606
164.223,5.534
166.609,5.463
169.029,5.391
171.484,5.319
173.975,5.248
176.502,5.176
179.066,5.104
181.667,5.032
184.306,4.961
186.983,4.889
189.699,4.817
192.455,4.746
195.250,4.674
198.086,4.602
200.964,4.531
203.883,4.459
206.844,4.387
209.849,4.316
212.897,4.244
215.990,4.172
219.127,4.101
222.310,4.029
225.539,3.957
228.815,3.886
232.139,3.814
235.511,3.742
238.932,3.670
242.403,3.599
245.924,3.527
249.496,3.455
253.120,3.384
256.797,3.312
260.527,3.240
264.311,3.169
268.151,3.097
272.046,3.025
275.997,2.954
280.006,2.882
284.074,2.810
288.200,2.739
292.386,2.667
296.633,2.595
300.942,2.524
305.314,2.452
309.748,2.380
314.248,2.309
318.812,2.237
323.443,2.165
328.142,2.093
332.908,2.022
337.744,1.950
342.650,1.878
347.627,1.807
352.677,1.735
357.799,1.663
362.997,1.592
368.269,1.520
373.619,1.448
379.046,1.377
384.552,1.305
390.138,1.233
395.805,1.162
401.554,1.090
407.387,1.018
413.304,0.947
419.308,0.875
425.399,0.803
431.578,0.731
437.847,0.660
444.207,0.588
450.659,0.516
457.205,0.445
463.847,0.373
470.584,0.301
477.420,0.230
484.355,0.158
491.390,0.086
498.528,0.015
505.770,-0.051
513.116,-0.115
520.570,-0.180
528.131,-0.244
535.803,-0.308
543.586,-0.373
551.482,-0.437
559.492,-0.501
567.619,-0.565
575.864,-0.630
584.229,-0.694
592.715,-0.758
601.325,-0.823
610.060,-0.887
618.921,-0.951
627.912,-1.015
637.032,-1.080
646.286,-1.144
655.673,-1.208
665.198,-1.273
674.860,-1.337
684.663,-1.401
694.608,-1.466
704.698,-1.500
714.934,-1.500
725.319,-1.500
735.855,-1.500
746.543,-1.500
757.387,-1.500
768.389,-1.500
779.550,-1.500
790.874,-1.500
802.362,-1.500
814.017,-1.500
825.841,-1.500
837.837,-1.500
850.007,-1.500
862.354,-1.500
874.880,-1.500
887.588,-1.500
900.481,-1.500
913.561,-1.500
926.831,-1.500
940.294,-1.500
953.953,-1.500
967.810,-1.500
981.868,-1.500
996.130,-1.500
1010.599,-1.500
1025.279,-1.500
1040.172,-1.500
1055.281,-1.500
1070.610,-1.500
1086.161,-1.500
1101.938,-1.500
1117.945,-1.500
1134.184,-1.500
1150.659,-1.500
1167.373,-1.500
1184.330,-1.500
1201.533,-1.500
1218.986,-1.500
1236.693,-1.500
1254.656,-1.500
1272.881,-1.500
1291.371,-1.500
1310.129,-1.500
1329.159,-1.500
1348.466,-1.500
1368.053,-1.500
1387.925,-1.500
1408.086,-1.500
1428.539,-1.500
1449.290,-1.500
1470.342,-1.500
1491.700,-1.500
1513.367,-1.500
1535.350,-1.500
1557.652,-1.500
1580.278,-1.500
1603.233,-1.500
1626.521,-1.500
1650.147,-1.500
1674.117,-1.500
1698.434,-1.500
1723.105,-1.500
1748.135,-1.500
1773.528,-1.500
1799.289,-1.500
1825.425,-1.500
1851.941,-1.500
1878.841,-1.500
1906.133,-1.500
1933.821,-1.500
1961.911,-1.500
1990.409,-1.500
2019.321,-1.500
2048.653,-1.500
2078.411,-1.500
2108.601,-1.500
2139.230,-1.500
2170.304,-1.500
2201.829,-1.500
2233.812,-1.500
2266.260,-1.500
2299.179,-1.500
2332.576,-1.500
2366.458,-1.500
2400.833,-1.500
2435.707,-1.500
2471.087,-1.500
2506.981,-1.500
2543.397,-1.500
2580.341,-1.500
2617.823,-1.500
2655.848,-1.500
2694.426,-1.500
2733.565,-1.500
2773.272,-1.500
2813.555,-1.500
2854.424,-1.500
2895.887,-1.500
2937.951,-1.500
2980.627,-1.500
3023.923,-1.500
3067.847,-1.500
3112.410,-1.500
3157.620,-1.500
3203.486,-1.500
3250.019,-1.500
3297.228,-1.500
3345.123,-1.500
3393.713,-1.500
3443.009,-1.500
3493.021,-1.500
3543.759,-1.500
3595.235,-1.500
3647.458,-1.500
3700.440,-1.500
3754.192,-1.500
3808.724,-1.500
3864.048,-1.500
3920.176,-1.500
3977.119,-1.500
4034.890,-1.500
4093.499,-1.500
4152.960,-1.500
4213.285,-1.500
4274.486,-1.500
4336.575,-1.500
4399.567,-1.500
4463.474,-1.500
4528.309,-1.500
4594.086,-1.500
4660.818,-1.500
4728.520,-1.500
4797.205,-1.500
4866.887,-1.500
4937.582,-1.500
5009.304,-1.503
5082.068,-1.523
5155.888,-1.544
5230.781,-1.565
5306.762,-1.586
5383.846,-1.607
5462.050,-1.628
5541.390,-1.648
5621.883,-1.669
5703.544,-1.690
5786.392,-1.711
5870.444,-1.732
5955.716,-1.752
6042.227,-1.773
6129.994,-1.794
6219.037,-1.815
6309.372,-1.836
6401.020,-1.856
6493.999,-1.877
6588.329,-1.898
6684.029,-1.919
6781.119,-1.940
6879.620,-1.960
6979.551,-1.981
7080.934,-2.002
7183.789,-2.023
7288.139,-2.044
7394.004,-2.064
7501.407,-2.085
7610.370,-2.106
7720.916,-2.127
7833.068,-2.148
7946.848,-2.168
8062.282,-2.189
8179.392,-2.210
8298.203,-2.231
8418.740,-2.252
8541.028,-2.272
8665.093,-2.293
8790.959,-2.314
8918.654,-2.335
9048.203,-2.356
9179.635,-2.377
9312.975,-2.397
9448.253,-2.418
9585.495,-2.439
9724.731,-2.460
9865.989,-2.481
10009.300,-2.502
10154.692,-2.529
10302.195,-2.556
10451.842,-2.583
10603.662,-2.610
10757.688,-2.637
10913.950,-2.664
11072.483,-2.691
11233.319,-2.718
11396.490,-2.745
11562.032,-2.772
11729.979,-2.799
11900.365,-2.826
12073.226,-2.853
12248.597,-2.880
12426.517,-2.907
12607.021,-2.934
12790.146,-2.962
12975.932,-2.989
13164.416,-3.016
13355.638,-3.043
13549.638,-3.070
13746.456,-3.097
13946.133,-3.124
14148.710,-3.151
14354.230,-3.178
14562.735,-3.205
14774.268,-3.232
14988.875,-3.259
15206.599,-3.286
15427.485,-3.313
15651.580,-3.340
15878.930,-3.367
16109.582,-3.394
16343.585,-3.421
16580.987,-3.448
16821.837,-3.475
17066.186,-3.502
17314.084,-3.530
17565.583,-3.557
17820.735,-3.584
18079.593,-3.611
18342.212,-3.638
18608.645,-3.665
18878.949,-3.692
19153.178,-3.719
19431.391,-3.746
19713.646,-3.773
20000.000,-3.800
