# Clark in-car target (D. Clark, AES 110th Conv. 2001, paper 5407), as plotted in Toole, 'The Measurement and Calibration of Sound Reproducing Systems', JAES 63(7/8), 2015, Fig. 15.
# Digitised BY EYE from the published plot against its gridlines (2026-09-18), ~+-1 dB; points: 20:18.5 50:10.3 100:5.9 200:3 500:0.5 1000:-0.4 2000:-2 5000:-4.2 10000:-7 20000:-10
# Log-frequency interpolation, held flat beyond the end points. Level arbitrary (careq normalises 200 Hz-2 kHz).
frequency,raw
20.000,18.500
20.291,18.371
20.585,18.242
20.884,18.113
21.188,17.984
21.495,17.855
21.808,17.726
22.124,17.597
22.446,17.468
22.772,17.338
23.103,17.209
23.438,17.080
23.779,16.951
24.124,16.822
24.474,16.693
24.830,16.564
25.191,16.435
25.557,16.306
25.928,16.177
26.304,16.048
26.686,15.919
27.074,15.790
27.467,15.661
27.866,15.532
28.271,15.403
28.682,15.274
29.098,15.145
29.521,15.015
29.950,14.886
30.385,14.757
30.826,14.628
31.274,14.499
31.728,14.370
32.189,14.241
32.657,14.112
33.131,13.983
33.612,13.854
34.101,13.725
34.596,13.596
35.099,13.467
35.608,13.338
36.126,13.209
36.650,13.080
37.183,12.951
37.723,12.821
38.271,12.692
38.827,12.563
39.391,12.434
39.963,12.305
40.543,12.176
41.132,12.047
41.730,11.918
42.336,11.789
42.951,11.660
43.575,11.531
44.208,11.402
44.850,11.273
45.501,11.144
46.162,11.015
46.833,10.886
47.513,10.757
48.203,10.628
48.903,10.498
49.614,10.369
50.334,10.258
51.066,10.166
51.807,10.075
52.560,9.983
53.323,9.892
54.098,9.800
54.884,9.708
55.681,9.617
56.490,9.525
57.310,9.434
58.143,9.342
58.987,9.251
59.844,9.159
60.713,9.068
61.595,8.976
62.490,8.885
63.398,8.793
64.319,8.701
65.253,8.610
66.201,8.518
67.162,8.427
68.138,8.335
69.128,8.244
70.132,8.152
71.151,8.061
72.184,7.969
73.233,7.878
74.296,7.786
75.376,7.694
76.470,7.603
77.581,7.511
78.708,7.420
79.851,7.328
81.011,7.237
82.188,7.145
83.382,7.054
84.593,6.962
85.822,6.871
87.068,6.779
88.333,6.687
89.616,6.596
90.918,6.504
92.239,6.413
93.579,6.321
94.938,6.230
96.317,6.138
97.716,6.047
99.135,5.955
100.575,5.876
102.036,5.816
103.518,5.755
105.022,5.695
106.548,5.635
108.095,5.574
109.665,5.514
111.258,5.454
112.874,5.393
114.514,5.333
116.177,5.273
117.865,5.212
119.577,5.152
121.314,5.092
123.076,5.031
124.864,4.971
126.678,4.911
128.518,4.850
130.385,4.790
132.279,4.730
134.200,4.669
136.149,4.609
138.127,4.549
140.133,4.488
142.169,4.428
144.234,4.368
146.329,4.307
148.455,4.247
150.611,4.187
152.799,4.126
155.018,4.066
157.270,4.006
159.554,3.945
161.872,3.885
164.223,3.825
166.609,3.764
169.029,3.704
171.484,3.644
173.975,3.583
176.502,3.523
179.066,3.463
181.667,3.402
184.306,3.342
186.983,3.282
189.699,3.221
192.455,3.161
195.250,3.101
198.086,3.040
200.964,2.987
203.883,2.948
206.844,2.908
209.849,2.869
212.897,2.829
215.990,2.790
219.127,2.751
222.310,2.711
225.539,2.672
228.815,2.633
232.139,2.593
235.511,2.554
238.932,2.515
242.403,2.475
245.924,2.436
249.496,2.397
253.120,2.357
256.797,2.318
260.527,2.279
264.311,2.239
268.151,2.200
272.046,2.161
275.997,2.121
280.006,2.082
284.074,2.043
288.200,2.003
292.386,1.964
296.633,1.925
300.942,1.885
305.314,1.846
309.748,1.806
314.248,1.767
318.812,1.728
323.443,1.688
328.142,1.649
332.908,1.610
337.744,1.570
342.650,1.531
347.627,1.492
352.677,1.452
357.799,1.413
362.997,1.374
368.269,1.334
373.619,1.295
379.046,1.256
384.552,1.216
390.138,1.177
395.805,1.138
401.554,1.098
407.387,1.059
413.304,1.020
419.308,0.980
425.399,0.941
431.578,0.902
437.847,0.862
444.207,0.823
450.659,0.783
457.205,0.744
463.847,0.705
470.584,0.665
477.420,0.626
484.355,0.587
491.390,0.547
498.528,0.508
505.770,0.485
513.116,0.466
520.570,0.448
528.131,0.429
535.803,0.410
543.586,0.391
551.482,0.373
559.492,0.354
567.619,0.335
575.864,0.317
584.229,0.298
592.715,0.279
601.325,0.260
610.060,0.242
618.921,0.223
627.912,0.204
637.032,0.186
646.286,0.167
655.673,0.148
665.198,0.129
674.860,0.111
684.663,0.092
694.608,0.073
704.698,0.054
714.934,0.036
725.319,0.017
735.855,-0.002
746.543,-0.020
757.387,-0.039
768.389,-0.058
779.550,-0.077
790.874,-0.095
802.362,-0.114
814.017,-0.133
825.841,-0.152
837.837,-0.170
850.007,-0.189
862.354,-0.208
874.880,-0.226
887.588,-0.245
900.481,-0.264
913.561,-0.283
926.831,-0.301
940.294,-0.320
953.953,-0.339
967.810,-0.358
981.868,-0.376
996.130,-0.395
1010.599,-0.424
1025.279,-0.458
1040.172,-0.491
1055.281,-0.524
1070.610,-0.557
1086.161,-0.591
1101.938,-0.624
1117.945,-0.657
1134.184,-0.691
1150.659,-0.724
1167.373,-0.757
1184.330,-0.791
1201.533,-0.824
1218.986,-0.857
1236.693,-0.890
1254.656,-0.924
1272.881,-0.957
1291.371,-0.990
1310.129,-1.024
1329.159,-1.057
1348.466,-1.090
1368.053,-1.123
1387.925,-1.157
1408.086,-1.190
1428.539,-1.223
1449.290,-1.257
1470.342,-1.290
1491.700,-1.323
1513.367,-1.356
1535.350,-1.390
1557.652,-1.423
1580.278,-1.456
1603.233,-1.490
1626.521,-1.523
1650.147,-1.556
1674.117,-1.589
1698.434,-1.623
1723.105,-1.656
1748.135,-1.689
1773.528,-1.723
1799.289,-1.756
1825.425,-1.789
1851.941,-1.822
1878.841,-1.856
1906.133,-1.889
1933.821,-1.922
1961.911,-1.956
1990.409,-1.989
2019.321,-2.023
2048.653,-2.058
2078.411,-2.092
2108.601,-2.127
2139.230,-2.162
2170.304,-2.196
2201.829,-2.231
2233.812,-2.265
2266.260,-2.300
2299.179,-2.335
2332.576,-2.369
2366.458,-2.404
2400.833,-2.439
2435.707,-2.473
2471.087,-2.508
2506.981,-2.542
2543.397,-2.577
2580.341,-2.612
2617.823,-2.646
2655.848,-2.681
2694.426,-2.716
2733.565,-2.750
2773.272,-2.785
2813.555,-2.819
2854.424,-2.854
2895.887,-2.889
2937.951,-2.923
2980.627,-2.958
3023.923,-2.993
3067.847,-3.027
3112.410,-3.062
3157.620,-3.096
3203.486,-3.131
3250.019,-3.166
3297.228,-3.200
3345.123,-3.235
3393.713,-3.270
3443.009,-3.304
3493.021,-3.339
3543.759,-3.373
3595.235,-3.408
3647.458,-3.443
3700.440,-3.477
3754.192,-3.512
3808.724,-3.547
3864.048,-3.581
3920.176,-3.616
3977.119,-3.650
4034.890,-3.685
4093.499,-3.720
4152.960,-3.754
4213.285,-3.789
4274.486,-3.824
4336.575,-3.858
4399.567,-3.893
4463.474,-3.927
4528.309,-3.962
4594.086,-3.997
4660.818,-4.031
4728.520,-4.066
4797.205,-4.101
4866.887,-4.135
4937.582,-4.170
5009.304,-4.208
5082.068,-4.266
5155.888,-4.324
5230.781,-4.382
5306.762,-4.441
5383.846,-4.499
5462.050,-4.557
5541.390,-4.615
5621.883,-4.674
5703.544,-4.732
5786.392,-4.790
5870.444,-4.848
5955.716,-4.907
6042.227,-4.965
6129.994,-5.023
6219.037,-5.081
6309.372,-5.140
6401.020,-5.198
6493.999,-5.256
6588.329,-5.314
6684.029,-5.373
6781.119,-5.431
6879.620,-5.489
6979.551,-5.547
7080.934,-5.606
7183.789,-5.664
7288.139,-5.722
7394.004,-5.780
7501.407,-5.839
7610.370,-5.897
7720.916,-5.955
7833.068,-6.013
7946.848,-6.072
8062.282,-6.130
8179.392,-6.188
8298.203,-6.246
8418.740,-6.305
8541.028,-6.363
8665.093,-6.421
8790.959,-6.479
8918.654,-6.538
9048.203,-6.596
9179.635,-6.654
9312.975,-6.712
9448.253,-6.771
9585.495,-6.829
9724.731,-6.887
9865.989,-6.945
10009.300,-7.004
10154.692,-7.066
10302.195,-7.129
10451.842,-7.191
10603.662,-7.254
10757.688,-7.316
10913.950,-7.379
11072.483,-7.441
11233.319,-7.503
11396.490,-7.566
11562.032,-7.628
11729.979,-7.691
11900.365,-7.753
12073.226,-7.815
12248.597,-7.878
12426.517,-7.940
12607.021,-8.003
12790.146,-8.065
12975.932,-8.128
13164.416,-8.190
13355.638,-8.252
13549.638,-8.315
13746.456,-8.377
13946.133,-8.440
14148.710,-8.502
14354.230,-8.564
14562.735,-8.627
14774.268,-8.689
14988.875,-8.752
15206.599,-8.814
15427.485,-8.877
15651.580,-8.939
15878.930,-9.001
16109.582,-9.064
16343.585,-9.126
16580.987,-9.189
16821.837,-9.251
17066.186,-9.313
17314.084,-9.376
17565.583,-9.438
17820.735,-9.501
18079.593,-9.563
18342.212,-9.626
18608.645,-9.688
18878.949,-9.750
19153.178,-9.813
19431.391,-9.875
19713.646,-9.938
20000.000,-10.000
