# Preferred steady-state room curve, 7 trained listeners (Olive, Welti & McMullin, AES 135th Conv. 2013, paper 8994), as plotted in Toole, 'The Measurement and Calibration of Sound Reproducing Systems', JAES 63(7/8), 2015, Fig. 14. Home listening room, not a car.
# Digitised BY EYE from the published plot against its gridlines (2026-09-18), ~+-1 dB; points: 30:4.9 50:5.1 100:4 150:3.1 200:2.4 500:1.8 1000:1.2 2000:-0.6 3000:-1.2 5000:-2.1 8000:-3.7 12000:-3.1 20000:-6.5
# Log-frequency interpolation, held flat beyond the end points. Level arbitrary (careq normalises 200 Hz-2 kHz).
frequency,raw
20.000,4.900
20.291,4.900
20.585,4.900
20.884,4.900
21.188,4.900
21.495,4.900
21.808,4.900
22.124,4.900
22.446,4.900
22.772,4.900
23.103,4.900
23.438,4.900
23.779,4.900
24.124,4.900
24.474,4.900
24.830,4.900
25.191,4.900
25.557,4.900
25.928,4.900
26.304,4.900
26.686,4.900
27.074,4.900
27.467,4.900
27.866,4.900
28.271,4.900
28.682,4.900
29.098,4.900
29.521,4.900
29.950,4.900
30.385,4.905
30.826,4.911
31.274,4.916
31.728,4.922
32.189,4.928
32.657,4.933
33.131,4.939
33.612,4.945
34.101,4.950
34.596,4.956
35.099,4.961
35.608,4.967
36.126,4.973
36.650,4.978
37.183,4.984
37.723,4.990
38.271,4.995
38.827,5.001
39.391,5.007
39.963,5.012
40.543,5.018
41.132,5.024
41.730,5.029
42.336,5.035
42.951,5.041
43.575,5.046
44.208,5.052
44.850,5.057
45.501,5.063
46.162,5.069
46.833,5.074
47.513,5.080
48.203,5.086
48.903,5.091
49.614,5.097
50.334,5.089
51.066,5.067
51.807,5.044
52.560,5.021
53.323,4.998
54.098,4.975
54.884,4.952
55.681,4.929
56.490,4.906
57.310,4.883
58.143,4.861
58.987,4.838
59.844,4.815
60.713,4.792
61.595,4.769
62.490,4.746
63.398,4.723
64.319,4.700
65.253,4.677
66.201,4.655
67.162,4.632
68.138,4.609
69.128,4.586
70.132,4.563
71.151,4.540
72.184,4.517
73.233,4.494
74.296,4.472
75.376,4.449
76.470,4.426
77.581,4.403
78.708,4.380
79.851,4.357
81.011,4.334
82.188,4.311
83.382,4.288
84.593,4.266
85.822,4.243
87.068,4.220
88.333,4.197
89.616,4.174
90.918,4.151
92.239,4.128
93.579,4.105
94.938,4.082
96.317,4.060
97.716,4.037
99.135,4.014
100.575,3.987
102.036,3.955
103.518,3.923
105.022,3.891
106.548,3.859
108.095,3.827
109.665,3.795
111.258,3.763
112.874,3.731
114.514,3.699
116.177,3.667
117.865,3.635
119.577,3.603
121.314,3.571
123.076,3.539
124.864,3.507
126.678,3.475
128.518,3.443
130.385,3.411
132.279,3.379
134.200,3.347
136.149,3.315
138.127,3.283
140.133,3.251
142.169,3.219
144.234,3.187
146.329,3.155
148.455,3.123
150.611,3.090
152.799,3.055
155.018,3.020
157.270,2.985
159.554,2.950
161.872,2.915
164.223,2.880
166.609,2.844
169.029,2.809
171.484,2.774
173.975,2.739
176.502,2.704
179.066,2.669
181.667,2.634
184.306,2.599
186.983,2.564
189.699,2.529
192.455,2.494
195.250,2.458
198.086,2.423
200.964,2.397
203.883,2.387
206.844,2.378
209.849,2.369
212.897,2.359
215.990,2.350
219.127,2.340
222.310,2.331
225.539,2.321
228.815,2.312
232.139,2.302
235.511,2.293
238.932,2.284
242.403,2.274
245.924,2.265
249.496,2.255
253.120,2.246
256.797,2.236
260.527,2.227
264.311,2.217
268.151,2.208
272.046,2.199
275.997,2.189
280.006,2.180
284.074,2.170
288.200,2.161
292.386,2.151
296.633,2.142
300.942,2.132
305.314,2.123
309.748,2.114
314.248,2.104
318.812,2.095
323.443,2.085
328.142,2.076
332.908,2.066
337.744,2.057
342.650,2.047
347.627,2.038
352.677,2.029
357.799,2.019
362.997,2.010
368.269,2.000
373.619,1.991
379.046,1.981
384.552,1.972
390.138,1.962
395.805,1.953
401.554,1.944
407.387,1.934
413.304,1.925
419.308,1.915
425.399,1.906
431.578,1.896
437.847,1.887
444.207,1.877
450.659,1.868
457.205,1.859
463.847,1.849
470.584,1.840
477.420,1.830
484.355,1.821
491.390,1.811
498.528,1.802
505.770,1.790
513.116,1.778
520.570,1.765
528.131,1.753
535.803,1.740
543.586,1.728
551.482,1.715
559.492,1.703
567.619,1.690
575.864,1.678
584.229,1.665
592.715,1.653
601.325,1.640
610.060,1.628
618.921,1.615
627.912,1.603
637.032,1.590
646.286,1.578
655.673,1.565
665.198,1.553
674.860,1.540
684.663,1.528
694.608,1.515
704.698,1.503
714.934,1.490
725.319,1.478
735.855,1.466
746.543,1.453
757.387,1.441
768.389,1.428
779.550,1.416
790.874,1.403
802.362,1.391
814.017,1.378
825.841,1.366
837.837,1.353
850.007,1.341
862.354,1.328
874.880,1.316
887.588,1.303
900.481,1.291
913.561,1.278
926.831,1.266
940.294,1.253
953.953,1.241
967.810,1.228
981.868,1.216
996.130,1.203
1010.599,1.173
1025.279,1.135
1040.172,1.098
1055.281,1.060
1070.610,1.023
1086.161,0.985
1101.938,0.948
1117.945,0.910
1134.184,0.873
1150.659,0.836
1167.373,0.798
1184.330,0.761
1201.533,0.723
1218.986,0.686
1236.693,0.648
1254.656,0.611
1272.881,0.573
1291.371,0.536
1310.129,0.499
1329.159,0.461
1348.466,0.424
1368.053,0.386
1387.925,0.349
1408.086,0.311
1428.539,0.274
1449.290,0.236
1470.342,0.199
1491.700,0.161
1513.367,0.124
1535.350,0.087
1557.652,0.049
1580.278,0.012
1603.233,-0.026
1626.521,-0.063
1650.147,-0.101
1674.117,-0.138
1698.434,-0.176
1723.105,-0.213
1748.135,-0.250
1773.528,-0.288
1799.289,-0.325
1825.425,-0.363
1851.941,-0.400
1878.841,-0.438
1906.133,-0.475
1933.821,-0.513
1961.911,-0.550
1990.409,-0.588
2019.321,-0.614
2048.653,-0.636
2078.411,-0.657
2108.601,-0.678
2139.230,-0.700
2170.304,-0.721
2201.829,-0.742
2233.812,-0.764
2266.260,-0.785
2299.179,-0.806
2332.576,-0.828
2366.458,-0.849
2400.833,-0.870
2435.707,-0.892
2471.087,-0.913
2506.981,-0.934
2543.397,-0.956
2580.341,-0.977
2617.823,-0.998
2655.848,-1.020
2694.426,-1.041
2733.565,-1.062
2773.272,-1.084
2813.555,-1.105
2854.424,-1.126
2895.887,-1.148
2937.951,-1.169
2980.627,-1.190
3023.923,-1.214
3067.847,-1.239
3112.410,-1.265
3157.620,-1.290
3203.486,-1.316
3250.019,-1.341
3297.228,-1.366
3345.123,-1.392
3393.713,-1.417
3443.009,-1.443
3493.021,-1.468
3543.759,-1.493
3595.235,-1.519
3647.458,-1.544
3700.440,-1.570
3754.192,-1.595
3808.724,-1.621
3864.048,-1.646
3920.176,-1.671
3977.119,-1.697
4034.890,-1.722
4093.499,-1.748
4152.960,-1.773
4213.285,-1.798
4274.486,-1.824
4336.575,-1.849
4399.567,-1.875
4463.474,-1.900
4528.309,-1.925
4594.086,-1.951
4660.818,-1.976
4728.520,-2.002
4797.205,-2.027
4866.887,-2.052
4937.582,-2.078
5009.304,-2.106
5082.068,-2.155
5155.888,-2.205
5230.781,-2.254
5306.762,-2.303
5383.846,-2.352
5462.050,-2.401
5541.390,-2.450
5621.883,-2.499
5703.544,-2.548
5786.392,-2.597
5870.444,-2.646
5955.716,-2.695
6042.227,-2.745
6129.994,-2.794
6219.037,-2.843
6309.372,-2.892
6401.020,-2.941
6493.999,-2.990
6588.329,-3.039
6684.029,-3.088
6781.119,-3.137
6879.620,-3.186
6979.551,-3.235
7080.934,-3.285
7183.789,-3.334
7288.139,-3.383
7394.004,-3.432
7501.407,-3.481
7610.370,-3.530
7720.916,-3.579
7833.068,-3.628
7946.848,-3.677
8062.282,-3.689
8179.392,-3.667
8298.203,-3.646
8418.740,-3.625
8541.028,-3.603
8665.093,-3.582
8790.959,-3.560
8918.654,-3.539
9048.203,-3.518
9179.635,-3.496
9312.975,-3.475
9448.253,-3.454
9585.495,-3.432
9724.731,-3.411
9865.989,-3.390
10009.300,-3.368
10154.692,-3.347
10302.195,-3.326
10451.842,-3.304
10603.662,-3.283
10757.688,-3.262
10913.950,-3.240
11072.483,-3.219
11233.319,-3.198
11396.490,-3.176
11562.032,-3.155
11729.979,-3.134
11900.365,-3.112
12073.226,-3.140
12248.597,-3.236
12426.517,-3.332
12607.021,-3.428
12790.146,-3.524
12975.932,-3.620
13164.416,-3.716
13355.638,-3.812
13549.638,-3.908
13746.456,-4.004
13946.133,-4.100
14148.710,-4.196
14354.230,-4.292
14562.735,-4.388
14774.268,-4.484
14988.875,-4.580
15206.599,-4.676
15427.485,-4.772
15651.580,-4.868
15878.930,-4.964
16109.582,-5.060
16343.585,-5.156
16580.987,-5.252
16821.837,-5.348
17066.186,-5.444
17314.084,-5.540
17565.583,-5.636
17820.735,-5.732
18079.593,-5.828
18342.212,-5.924
18608.645,-6.020
18878.949,-6.116
19153.178,-6.212
19431.391,-6.308
19713.646,-6.404
20000.000,-6.500
