# Preferred steady-state room curve, all 11 listeners (Olive, Welti & McMullin, AES 135th Conv. 2013, paper 8994), as plotted in Toole, 'The Measurement and Calibration of Sound Reproducing Systems', JAES 63(7/8), 2015, Fig. 14. Home listening room, not a car.
# Digitised BY EYE from the published plot against its gridlines (2026-09-18), ~+-1 dB; points: 30:7.2 50:7.5 70:6.3 100:5.4 150:4 200:1.8 500:1.7 1000:1.5 1500:1.35 2000:0.6 5000:-0.2 8000:-1.3 12000:-0.7 20000:-3.1
# Log-frequency interpolation, held flat beyond the end points. Level arbitrary (careq normalises 200 Hz-2 kHz).
frequency,raw
20.000,7.200
20.291,7.200
20.585,7.200
20.884,7.200
21.188,7.200
21.495,7.200
21.808,7.200
22.124,7.200
22.446,7.200
22.772,7.200
23.103,7.200
23.438,7.200
23.779,7.200
24.124,7.200
24.474,7.200
24.830,7.200
25.191,7.200
25.557,7.200
25.928,7.200
26.304,7.200
26.686,7.200
27.074,7.200
27.467,7.200
27.866,7.200
28.271,7.200
28.682,7.200
29.098,7.200
29.521,7.200
29.950,7.200
30.385,7.207
30.826,7.216
31.274,7.224
31.728,7.233
32.189,7.241
32.657,7.250
33.131,7.258
33.612,7.267
34.101,7.275
34.596,7.284
35.099,7.292
35.608,7.301
36.126,7.309
36.650,7.318
37.183,7.326
37.723,7.335
38.271,7.343
38.827,7.351
39.391,7.360
39.963,7.368
40.543,7.377
41.132,7.385
41.730,7.394
42.336,7.402
42.951,7.411
43.575,7.419
44.208,7.428
44.850,7.436
45.501,7.445
46.162,7.453
46.833,7.462
47.513,7.470
48.203,7.479
48.903,7.487
49.614,7.495
50.334,7.476
51.066,7.425
51.807,7.373
52.560,7.322
53.323,7.270
54.098,7.219
54.884,7.168
55.681,7.116
56.490,7.065
57.310,7.013
58.143,6.962
58.987,6.910
59.844,6.859
60.713,6.808
61.595,6.756
62.490,6.705
63.398,6.653
64.319,6.602
65.253,6.550
66.201,6.499
67.162,6.448
68.138,6.396
69.128,6.345
70.132,6.295
71.151,6.259
72.184,6.222
73.233,6.186
74.296,6.150
75.376,6.113
76.470,6.077
77.581,6.041
78.708,6.004
79.851,5.968
81.011,5.931
82.188,5.895
83.382,5.859
84.593,5.822
85.822,5.786
87.068,5.749
88.333,5.713
89.616,5.677
90.918,5.640
92.239,5.604
93.579,5.567
94.938,5.531
96.317,5.495
97.716,5.458
99.135,5.422
100.575,5.380
102.036,5.330
103.518,5.281
105.022,5.231
106.548,5.181
108.095,5.131
109.665,5.081
111.258,5.032
112.874,4.982
114.514,4.932
116.177,4.882
117.865,4.832
119.577,4.783
121.314,4.733
123.076,4.683
124.864,4.633
126.678,4.583
128.518,4.534
130.385,4.484
132.279,4.434
134.200,4.384
136.149,4.335
138.127,4.285
140.133,4.235
142.169,4.185
144.234,4.135
146.329,4.086
148.455,4.036
150.611,3.969
152.799,3.859
155.018,3.748
157.270,3.638
159.554,3.528
161.872,3.417
164.223,3.307
166.609,3.197
169.029,3.087
171.484,2.976
173.975,2.866
176.502,2.756
179.066,2.646
181.667,2.535
184.306,2.425
186.983,2.315
189.699,2.204
192.455,2.094
195.250,1.984
198.086,1.874
200.964,1.799
203.883,1.798
206.844,1.796
209.849,1.795
212.897,1.793
215.990,1.792
219.127,1.790
222.310,1.788
225.539,1.787
228.815,1.785
232.139,1.784
235.511,1.782
238.932,1.781
242.403,1.779
245.924,1.777
249.496,1.776
253.120,1.774
256.797,1.773
260.527,1.771
264.311,1.770
268.151,1.768
272.046,1.766
275.997,1.765
280.006,1.763
284.074,1.762
288.200,1.760
292.386,1.759
296.633,1.757
300.942,1.755
305.314,1.754
309.748,1.752
314.248,1.751
318.812,1.749
323.443,1.748
328.142,1.746
332.908,1.744
337.744,1.743
342.650,1.741
347.627,1.740
352.677,1.738
357.799,1.737
362.997,1.735
368.269,1.733
373.619,1.732
379.046,1.730
384.552,1.729
390.138,1.727
395.805,1.726
401.554,1.724
407.387,1.722
413.304,1.721
419.308,1.719
425.399,1.718
431.578,1.716
437.847,1.714
444.207,1.713
450.659,1.711
457.205,1.710
463.847,1.708
470.584,1.707
477.420,1.705
484.355,1.703
491.390,1.702
498.528,1.700
505.770,1.697
513.116,1.693
520.570,1.688
528.131,1.684
535.803,1.680
543.586,1.676
551.482,1.672
559.492,1.668
567.619,1.663
575.864,1.659
584.229,1.655
592.715,1.651
601.325,1.647
610.060,1.643
618.921,1.638
627.912,1.634
637.032,1.630
646.286,1.626
655.673,1.622
665.198,1.618
674.860,1.613
684.663,1.609
694.608,1.605
704.698,1.601
714.934,1.597
725.319,1.593
735.855,1.589
746.543,1.584
757.387,1.580
768.389,1.576
779.550,1.572
790.874,1.568
802.362,1.564
814.017,1.559
825.841,1.555
837.837,1.551
850.007,1.547
862.354,1.543
874.880,1.539
887.588,1.534
900.481,1.530
913.561,1.526
926.831,1.522
940.294,1.518
953.953,1.514
967.810,1.509
981.868,1.505
996.130,1.501
1010.599,1.496
1025.279,1.491
1040.172,1.485
1055.281,1.480
1070.610,1.475
1086.161,1.469
1101.938,1.464
1117.945,1.459
1134.184,1.453
1150.659,1.448
1167.373,1.443
1184.330,1.437
1201.533,1.432
1218.986,1.427
1236.693,1.421
1254.656,1.416
1272.881,1.411
1291.371,1.405
1310.129,1.400
1329.159,1.395
1348.466,1.389
1368.053,1.384
1387.925,1.379
1408.086,1.373
1428.539,1.368
1449.290,1.363
1470.342,1.357
1491.700,1.352
1513.367,1.327
1535.350,1.289
1557.652,1.252
1580.278,1.214
1603.233,1.176
1626.521,1.139
1650.147,1.101
1674.117,1.064
1698.434,1.026
1723.105,0.988
1748.135,0.951
1773.528,0.913
1799.289,0.876
1825.425,0.838
1851.941,0.801
1878.841,0.763
1906.133,0.725
1933.821,0.688
1961.911,0.650
1990.409,0.613
2019.321,0.592
2048.653,0.579
2078.411,0.566
2108.601,0.554
2139.230,0.541
2170.304,0.529
2201.829,0.516
2233.812,0.503
2266.260,0.491
2299.179,0.478
2332.576,0.466
2366.458,0.453
2400.833,0.441
2435.707,0.428
2471.087,0.415
2506.981,0.403
2543.397,0.390
2580.341,0.378
2617.823,0.365
2655.848,0.352
2694.426,0.340
2733.565,0.327
2773.272,0.315
2813.555,0.302
2854.424,0.289
2895.887,0.277
2937.951,0.264
2980.627,0.252
3023.923,0.239
3067.847,0.226
3112.410,0.214
3157.620,0.201
3203.486,0.189
3250.019,0.176
3297.228,0.164
3345.123,0.151
3393.713,0.138
3443.009,0.126
3493.021,0.113
3543.759,0.101
3595.235,0.088
3647.458,0.075
3700.440,0.063
3754.192,0.050
3808.724,0.038
3864.048,0.025
3920.176,0.012
3977.119,-0.000
4034.890,-0.013
4093.499,-0.025
4152.960,-0.038
4213.285,-0.051
4274.486,-0.063
4336.575,-0.076
4399.567,-0.088
4463.474,-0.101
4528.309,-0.113
4594.086,-0.126
4660.818,-0.139
4728.520,-0.151
4797.205,-0.164
4866.887,-0.176
4937.582,-0.189
5009.304,-0.204
5082.068,-0.238
5155.888,-0.272
5230.781,-0.306
5306.762,-0.339
5383.846,-0.373
5462.050,-0.407
5541.390,-0.441
5621.883,-0.474
5703.544,-0.508
5786.392,-0.542
5870.444,-0.576
5955.716,-0.609
6042.227,-0.643
6129.994,-0.677
6219.037,-0.711
6309.372,-0.744
6401.020,-0.778
6493.999,-0.812
6588.329,-0.846
6684.029,-0.879
6781.119,-0.913
6879.620,-0.947
6979.551,-0.981
7080.934,-1.014
7183.789,-1.048
7288.139,-1.082
7394.004,-1.116
7501.407,-1.149
7610.370,-1.183
7720.916,-1.217
7833.068,-1.251
7946.848,-1.284
8062.282,-1.289
8179.392,-1.267
8298.203,-1.246
8418.740,-1.225
8541.028,-1.203
8665.093,-1.182
8790.959,-1.160
8918.654,-1.139
9048.203,-1.118
9179.635,-1.096
9312.975,-1.075
9448.253,-1.054
9585.495,-1.032
9724.731,-1.011
9865.989,-0.990
10009.300,-0.968
10154.692,-0.947
10302.195,-0.926
10451.842,-0.904
10603.662,-0.883
10757.688,-0.862
10913.950,-0.840
11072.483,-0.819
11233.319,-0.798
11396.490,-0.776
11562.032,-0.755
11729.979,-0.734
11900.365,-0.712
12073.226,-0.729
12248.597,-0.796
12426.517,-0.864
12607.021,-0.932
12790.146,-1.000
12975.932,-1.067
13164.416,-1.135
13355.638,-1.203
13549.638,-1.271
13746.456,-1.338
13946.133,-1.406
14148.710,-1.474
14354.230,-1.542
14562.735,-1.609
14774.268,-1.677
14988.875,-1.745
15206.599,-1.813
15427.485,-1.880
15651.580,-1.948
15878.930,-2.016
16109.582,-2.084
16343.585,-2.151
16580.987,-2.219
16821.837,-2.287
17066.186,-2.355
17314.084,-2.422
17565.583,-2.490
17820.735,-2.558
18079.593,-2.626
18342.212,-2.693
18608.645,-2.761
18878.949,-2.829
19153.178,-2.897
19431.391,-2.964
19713.646,-3.032
20000.000,-3.100
