# ResoNix 'Laid Back' (Jun 9 2025). Nick Apicella, ResoNix Sound Solutions, REW house curve for car audio.
# Source file: 'OLD - ResoNix Laid Back REW House Curve Smoothed 6.9.25.txt' in the public ResoNix REW Target Curves Google Drive folder (https://drive.google.com/drive/folders/1aFCUrV7J5n2cIS5qeGwKm0hT71T7H947), downloaded 2026-09-18.
# Intended use (their README): pink noise, REW RTA, spatial average around the head from the driver's seat - the same method as careq's moving-mic baseline.
# Resampled onto careq's grid; level arbitrary (careq normalises 200 Hz-2 kHz).
frequency,raw
20.000,22.480
20.291,22.481
20.585,22.475
20.884,22.465
21.188,22.453
21.495,22.437
21.808,22.418
22.124,22.396
22.446,22.372
22.772,22.345
23.103,22.316
23.438,22.284
23.779,22.250
24.124,22.215
24.474,22.176
24.830,22.136
25.191,22.094
25.557,22.049
25.928,22.002
26.304,21.954
26.686,21.903
27.074,21.849
27.467,21.793
27.866,21.734
28.271,21.672
28.682,21.608
29.098,21.540
29.521,21.469
29.950,21.397
30.385,21.320
30.826,21.239
31.274,21.156
31.728,21.070
32.189,20.981
32.657,20.888
33.131,20.793
33.612,20.695
34.101,20.594
34.596,20.491
35.099,20.385
35.608,20.278
36.126,20.168
36.650,20.058
37.183,19.945
37.723,19.831
38.271,19.716
38.827,19.600
39.391,19.483
39.963,19.365
40.543,19.246
41.132,19.128
41.730,19.007
42.336,18.887
42.951,18.767
43.575,18.645
44.208,18.522
44.850,18.399
45.501,18.276
46.162,18.151
46.833,18.026
47.513,17.900
48.203,17.773
48.903,17.644
49.614,17.514
50.334,17.384
51.066,17.251
51.807,17.119
52.560,16.984
53.323,16.849
54.098,16.712
54.884,16.573
55.681,16.434
56.490,16.293
57.310,16.151
58.143,16.007
58.987,15.863
59.844,15.717
60.713,15.569
61.595,15.421
62.490,15.271
63.398,15.120
64.319,14.968
65.253,14.815
66.201,14.660
67.162,14.505
68.138,14.349
69.128,14.193
70.132,14.035
71.151,13.878
72.184,13.721
73.233,13.564
74.296,13.406
75.376,13.250
76.470,13.094
77.581,12.939
78.708,12.787
79.851,12.636
81.011,12.488
82.188,12.341
83.382,12.199
84.593,12.060
85.822,11.924
87.068,11.793
88.333,11.666
89.616,11.543
90.918,11.426
92.239,11.314
93.579,11.207
94.938,11.104
96.317,11.007
97.716,10.915
99.135,10.829
100.575,10.747
102.036,10.669
103.518,10.597
105.022,10.528
106.548,10.464
108.095,10.403
109.665,10.345
111.258,10.290
112.874,10.238
114.514,10.188
116.177,10.138
117.865,10.091
119.577,10.045
121.314,9.999
123.076,9.953
124.864,9.908
126.678,9.862
128.518,9.816
130.385,9.769
132.279,9.721
134.200,9.673
136.149,9.623
138.127,9.573
140.133,9.522
142.169,9.470
144.234,9.416
146.329,9.363
148.455,9.308
150.611,9.252
152.799,9.197
155.018,9.140
157.270,9.083
159.554,9.026
161.872,8.968
164.223,8.911
166.609,8.854
169.029,8.798
171.484,8.742
173.975,8.687
176.502,8.634
179.066,8.582
181.667,8.532
184.306,8.483
186.983,8.436
189.699,8.393
192.455,8.351
195.250,8.311
198.086,8.274
200.964,8.238
203.883,8.206
206.844,8.176
209.849,8.148
212.897,8.122
215.990,8.097
219.127,8.074
222.310,8.053
225.539,8.032
228.815,8.013
232.139,7.994
235.511,7.977
238.932,7.959
242.403,7.942
245.924,7.926
249.496,7.910
253.120,7.895
256.797,7.879
260.527,7.863
264.311,7.848
268.151,7.831
272.046,7.816
275.997,7.800
280.006,7.784
284.074,7.769
288.200,7.752
292.386,7.735
296.633,7.719
300.942,7.702
305.314,7.686
309.748,7.668
314.248,7.651
318.812,7.634
323.443,7.615
328.142,7.597
332.908,7.579
337.744,7.561
342.650,7.542
347.627,7.523
352.677,7.504
357.799,7.485
362.997,7.465
368.269,7.445
373.619,7.425
379.046,7.404
384.552,7.383
390.138,7.361
395.805,7.340
401.554,7.319
407.387,7.296
413.304,7.274
419.308,7.252
425.399,7.228
431.578,7.206
437.847,7.182
444.207,7.158
450.659,7.134
457.205,7.110
463.847,7.085
470.584,7.060
477.420,7.034
484.355,7.009
491.390,6.982
498.528,6.956
505.770,6.929
513.116,6.903
520.570,6.875
528.131,6.847
535.803,6.819
543.586,6.791
551.482,6.761
559.492,6.732
567.619,6.703
575.864,6.673
584.229,6.642
592.715,6.611
601.325,6.580
610.060,6.548
618.921,6.516
627.912,6.483
637.032,6.451
646.286,6.418
655.673,6.383
665.198,6.349
674.860,6.315
684.663,6.280
694.608,6.245
704.698,6.208
714.934,6.172
725.319,6.136
735.855,6.099
746.543,6.061
757.387,6.022
768.389,5.983
779.550,5.945
790.874,5.905
802.362,5.865
814.017,5.824
825.841,5.783
837.837,5.742
850.007,5.699
862.354,5.657
874.880,5.613
887.588,5.570
900.481,5.525
913.561,5.481
926.831,5.436
940.294,5.390
953.953,5.343
967.810,5.296
981.868,5.249
996.130,5.200
1010.599,5.152
1025.279,5.103
1040.172,5.053
1055.281,5.003
1070.610,4.952
1086.161,4.900
1101.938,4.847
1117.945,4.795
1134.184,4.741
1150.659,4.687
1167.373,4.633
1184.330,4.578
1201.533,4.522
1218.986,4.465
1236.693,4.408
1254.656,4.350
1272.881,4.292
1291.371,4.234
1310.129,4.174
1329.159,4.114
1348.466,4.054
1368.053,3.993
1387.925,3.931
1408.086,3.870
1428.539,3.808
1449.290,3.745
1470.342,3.683
1491.700,3.620
1513.367,3.557
1535.350,3.495
1557.652,3.431
1580.278,3.369
1603.233,3.306
1626.521,3.244
1650.147,3.182
1674.117,3.120
1698.434,3.058
1723.105,2.997
1748.135,2.936
1773.528,2.875
1799.289,2.813
1825.425,2.752
1851.941,2.690
1878.841,2.628
1906.133,2.565
1933.821,2.502
1961.911,2.437
1990.409,2.372
2019.321,2.306
2048.653,2.238
2078.411,2.169
2108.601,2.099
2139.230,2.028
2170.304,1.955
2201.829,1.882
2233.812,1.808
2266.260,1.732
2299.179,1.656
2332.576,1.580
2366.458,1.503
2400.833,1.427
2435.707,1.350
2471.087,1.274
2506.981,1.198
2543.397,1.122
2580.341,1.049
2617.823,0.977
2655.848,0.906
2694.426,0.838
2733.565,0.772
2773.272,0.710
2813.555,0.650
2854.424,0.595
2895.887,0.544
2937.951,0.498
2980.627,0.458
3023.923,0.423
3067.847,0.394
3112.410,0.370
3157.620,0.353
3203.486,0.342
3250.019,0.338
3297.228,0.339
3345.123,0.345
3393.713,0.356
3443.009,0.372
3493.021,0.392
3543.759,0.416
3595.235,0.442
3647.458,0.470
3700.440,0.500
3754.192,0.531
3808.724,0.563
3864.048,0.595
3920.176,0.626
3977.119,0.656
4034.890,0.685
4093.499,0.713
4152.960,0.740
4213.285,0.765
4274.486,0.789
4336.575,0.812
4399.567,0.833
4463.474,0.853
4528.309,0.872
4594.086,0.890
4660.818,0.907
4728.520,0.923
4797.205,0.939
4866.887,0.954
4937.582,0.969
5009.304,0.983
5082.068,0.997
5155.888,1.010
5230.781,1.023
5306.762,1.036
5383.846,1.049
5462.050,1.062
5541.390,1.075
5621.883,1.087
5703.544,1.100
5786.392,1.112
5870.444,1.124
5955.716,1.137
6042.227,1.149
6129.994,1.161
6219.037,1.173
6309.372,1.184
6401.020,1.196
6493.999,1.208
6588.329,1.219
6684.029,1.231
6781.119,1.242
6879.620,1.254
6979.551,1.265
7080.934,1.276
7183.789,1.286
7288.139,1.297
7394.004,1.308
7501.407,1.318
7610.370,1.328
7720.916,1.338
7833.068,1.347
7946.848,1.357
8062.282,1.365
8179.392,1.374
8298.203,1.382
8418.740,1.390
8541.028,1.397
8665.093,1.403
8790.959,1.409
8918.654,1.414
9048.203,1.419
9179.635,1.422
9312.975,1.425
9448.253,1.426
9585.495,1.426
9724.731,1.424
9865.989,1.421
10009.300,1.417
10154.692,1.411
10302.195,1.403
10451.842,1.394
10603.662,1.382
10757.688,1.369
10913.950,1.354
11072.483,1.338
11233.319,1.319
11396.490,1.299
11562.032,1.277
11729.979,1.254
11900.365,1.229
12073.226,1.203
12248.597,1.175
12426.517,1.147
12607.021,1.117
12790.146,1.087
12975.932,1.055
13164.416,1.023
13355.638,0.990
13549.638,0.956
13746.456,0.922
13946.133,0.887
14148.710,0.852
14354.230,0.816
14562.735,0.780
14774.268,0.745
14988.875,0.709
15206.599,0.673
15427.485,0.637
15651.580,0.601
15878.930,0.566
16109.582,0.532
16343.585,0.498
16580.987,0.464
16821.837,0.432
17066.186,0.400
17314.084,0.370
17565.583,0.341
17820.735,0.313
18079.593,0.287
18342.212,0.262
18608.645,0.239
18878.949,0.219
19153.178,0.200
19431.391,0.184
19713.646,0.171
20000.000,0.160
