# ResoNix 'Accurate' (Aug 8 2023, superseded by 2026). Nick Apicella, ResoNix Sound Solutions, REW house curve for car audio.
# Source file: 'OLD - ResoNix Accurate REW House Curve 8.8.23.txt' in the public ResoNix REW Target Curves Google Drive folder (https://drive.google.com/drive/folders/1aFCUrV7J5n2cIS5qeGwKm0hT71T7H947), downloaded 2026-09-18.
# Intended use (their README): pink noise, REW RTA, spatial average around the head from the driver's seat - the same method as careq's moving-mic baseline.
# Resampled onto careq's grid; level arbitrary (careq normalises 200 Hz-2 kHz).
frequency,raw
20.000,13.249
20.291,13.229
20.585,13.210
20.884,13.191
21.188,13.174
21.495,13.156
21.808,13.138
22.124,13.121
22.446,13.104
22.772,13.088
23.103,13.071
23.438,13.056
23.779,13.041
24.124,13.025
24.474,13.009
24.830,12.994
25.191,12.978
25.557,12.962
25.928,12.945
26.304,12.928
26.686,12.911
27.074,12.893
27.467,12.874
27.866,12.854
28.271,12.833
28.682,12.812
29.098,12.789
29.521,12.766
29.950,12.741
30.385,12.715
30.826,12.687
31.274,12.659
31.728,12.629
32.189,12.597
32.657,12.564
33.131,12.530
33.612,12.494
34.101,12.457
34.596,12.417
35.099,12.376
35.608,12.335
36.126,12.291
36.650,12.246
37.183,12.199
37.723,12.151
38.271,12.101
38.827,12.049
39.391,11.996
39.963,11.942
40.543,11.885
41.132,11.827
41.730,11.768
42.336,11.707
42.951,11.645
43.575,11.580
44.208,11.514
44.850,11.446
45.501,11.377
46.162,11.306
46.833,11.234
47.513,11.159
48.203,11.082
48.903,11.005
49.614,10.924
50.334,10.843
51.066,10.760
51.807,10.674
52.560,10.588
53.323,10.499
54.098,10.409
54.884,10.318
55.681,10.224
56.490,10.130
57.310,10.033
58.143,9.935
58.987,9.836
59.844,9.735
60.713,9.634
61.595,9.530
62.490,9.426
63.398,9.320
64.319,9.213
65.253,9.105
66.201,8.996
67.162,8.886
68.138,8.776
69.128,8.664
70.132,8.551
71.151,8.437
72.184,8.323
73.233,8.208
74.296,8.092
75.376,7.976
76.470,7.859
77.581,7.741
78.708,7.623
79.851,7.505
81.011,7.386
82.188,7.267
83.382,7.147
84.593,7.026
85.822,6.906
87.068,6.785
88.333,6.664
89.616,6.543
90.918,6.421
92.239,6.299
93.579,6.177
94.938,6.055
96.317,5.932
97.716,5.811
99.135,5.688
100.575,5.565
102.036,5.442
103.518,5.320
105.022,5.197
106.548,5.075
108.095,4.953
109.665,4.830
111.258,4.708
112.874,4.586
114.514,4.464
116.177,4.343
117.865,4.221
119.577,4.100
121.314,3.979
123.076,3.860
124.864,3.740
126.678,3.621
128.518,3.503
130.385,3.385
132.279,3.267
134.200,3.152
136.149,3.036
138.127,2.922
140.133,2.809
142.169,2.697
144.234,2.586
146.329,2.477
148.455,2.369
150.611,2.263
152.799,2.159
155.018,2.056
157.270,1.956
159.554,1.858
161.872,1.761
164.223,1.667
166.609,1.576
169.029,1.487
171.484,1.401
173.975,1.318
176.502,1.237
179.066,1.159
181.667,1.084
184.306,1.013
186.983,0.944
189.699,0.878
192.455,0.815
195.250,0.756
198.086,0.700
200.964,0.646
203.883,0.596
206.844,0.548
209.849,0.503
212.897,0.462
215.990,0.422
219.127,0.386
222.310,0.352
225.539,0.320
228.815,0.291
232.139,0.264
235.511,0.238
238.932,0.215
242.403,0.194
245.924,0.175
249.496,0.157
253.120,0.140
256.797,0.124
260.527,0.110
264.311,0.098
268.151,0.086
272.046,0.075
275.997,0.065
280.006,0.056
284.074,0.048
288.200,0.040
292.386,0.033
296.633,0.026
300.942,0.019
305.314,0.013
309.748,0.007
314.248,0.002
318.812,-0.003
323.443,-0.008
328.142,-0.013
332.908,-0.018
337.744,-0.022
342.650,-0.026
347.627,-0.031
352.677,-0.035
357.799,-0.039
362.997,-0.043
368.269,-0.047
373.619,-0.051
379.046,-0.055
384.552,-0.059
390.138,-0.063
395.805,-0.067
401.554,-0.072
407.387,-0.076
413.304,-0.080
419.308,-0.084
425.399,-0.088
431.578,-0.092
437.847,-0.096
444.207,-0.101
450.659,-0.105
457.205,-0.109
463.847,-0.114
470.584,-0.118
477.420,-0.123
484.355,-0.127
491.390,-0.131
498.528,-0.136
505.770,-0.140
513.116,-0.145
520.570,-0.150
528.131,-0.154
535.803,-0.159
543.586,-0.164
551.482,-0.169
559.492,-0.174
567.619,-0.179
575.864,-0.184
584.229,-0.189
592.715,-0.195
601.325,-0.200
610.060,-0.205
618.921,-0.210
627.912,-0.216
637.032,-0.221
646.286,-0.227
655.673,-0.233
665.198,-0.238
674.860,-0.244
684.663,-0.250
694.608,-0.256
704.698,-0.262
714.934,-0.268
725.319,-0.274
735.855,-0.280
746.543,-0.286
757.387,-0.293
768.389,-0.299
779.550,-0.305
790.874,-0.312
802.362,-0.319
814.017,-0.326
825.841,-0.334
837.837,-0.341
850.007,-0.349
862.354,-0.357
874.880,-0.365
887.588,-0.373
900.481,-0.381
913.561,-0.390
926.831,-0.398
940.294,-0.408
953.953,-0.417
967.810,-0.427
981.868,-0.437
996.130,-0.447
1010.599,-0.458
1025.279,-0.469
1040.172,-0.481
1055.281,-0.493
1070.610,-0.505
1086.161,-0.518
1101.938,-0.532
1117.945,-0.546
1134.184,-0.560
1150.659,-0.576
1167.373,-0.592
1184.330,-0.608
1201.533,-0.626
1218.986,-0.644
1236.693,-0.663
1254.656,-0.683
1272.881,-0.703
1291.371,-0.724
1310.129,-0.747
1329.159,-0.770
1348.466,-0.794
1368.053,-0.818
1387.925,-0.844
1408.086,-0.871
1428.539,-0.898
1449.290,-0.927
1470.342,-0.956
1491.700,-0.986
1513.367,-1.017
1535.350,-1.049
1557.652,-1.082
1580.278,-1.115
1603.233,-1.148
1626.521,-1.183
1650.147,-1.218
1674.117,-1.254
1698.434,-1.290
1723.105,-1.326
1748.135,-1.363
1773.528,-1.400
1799.289,-1.436
1825.425,-1.473
1851.941,-1.510
1878.841,-1.547
1906.133,-1.583
1933.821,-1.620
1961.911,-1.655
1990.409,-1.691
2019.321,-1.725
2048.653,-1.760
2078.411,-1.793
2108.601,-1.826
2139.230,-1.858
2170.304,-1.890
2201.829,-1.920
2233.812,-1.949
2266.260,-1.978
2299.179,-2.007
2332.576,-2.034
2366.458,-2.061
2400.833,-2.087
2435.707,-2.112
2471.087,-2.137
2506.981,-2.160
2543.397,-2.183
2580.341,-2.205
2617.823,-2.227
2655.848,-2.247
2694.426,-2.267
2733.565,-2.287
2773.272,-2.305
2813.555,-2.323
2854.424,-2.339
2895.887,-2.355
2937.951,-2.370
2980.627,-2.384
3023.923,-2.397
3067.847,-2.409
3112.410,-2.421
3157.620,-2.430
3203.486,-2.438
3250.019,-2.445
3297.228,-2.450
3345.123,-2.454
3393.713,-2.456
3443.009,-2.457
3493.021,-2.455
3543.759,-2.452
3595.235,-2.446
3647.458,-2.439
3700.440,-2.431
3754.192,-2.419
3808.724,-2.406
3864.048,-2.390
3920.176,-2.373
3977.119,-2.353
4034.890,-2.333
4093.499,-2.309
4152.960,-2.284
4213.285,-2.258
4274.486,-2.229
4336.575,-2.200
4399.567,-2.169
4463.474,-2.138
4528.309,-2.105
4594.086,-2.071
4660.818,-2.037
4728.520,-2.003
4797.205,-1.968
4866.887,-1.933
4937.582,-1.899
5009.304,-1.865
5082.068,-1.831
5155.888,-1.798
5230.781,-1.765
5306.762,-1.734
5383.846,-1.703
5462.050,-1.674
5541.390,-1.646
5621.883,-1.619
5703.544,-1.593
5786.392,-1.570
5870.444,-1.547
5955.716,-1.526
6042.227,-1.507
6129.994,-1.489
6219.037,-1.474
6309.372,-1.460
6401.020,-1.446
6493.999,-1.436
6588.329,-1.427
6684.029,-1.420
6781.119,-1.414
6879.620,-1.409
6979.551,-1.407
7080.934,-1.406
7183.789,-1.407
7288.139,-1.409
7394.004,-1.412
7501.407,-1.416
7610.370,-1.422
7720.916,-1.430
7833.068,-1.438
7946.848,-1.448
8062.282,-1.458
8179.392,-1.469
8298.203,-1.481
8418.740,-1.495
8541.028,-1.509
8665.093,-1.524
8790.959,-1.540
8918.654,-1.556
9048.203,-1.573
9179.635,-1.591
9312.975,-1.609
9448.253,-1.628
9585.495,-1.648
9724.731,-1.668
9865.989,-1.688
10009.300,-1.709
10154.692,-1.730
10302.195,-1.752
10451.842,-1.773
10603.662,-1.795
10757.688,-1.817
10913.950,-1.840
11072.483,-1.863
11233.319,-1.886
11396.490,-1.910
11562.032,-1.933
11729.979,-1.957
11900.365,-1.980
12073.226,-2.004
12248.597,-2.028
12426.517,-2.052
12607.021,-2.076
12790.146,-2.100
12975.932,-2.124
13164.416,-2.148
13355.638,-2.171
13549.638,-2.195
13746.456,-2.218
13946.133,-2.241
14148.710,-2.264
14354.230,-2.286
14562.735,-2.309
14774.268,-2.331
14988.875,-2.352
15206.599,-2.373
15427.485,-2.393
15651.580,-2.413
15878.930,-2.432
16109.582,-2.450
16343.585,-2.468
16580.987,-2.485
16821.837,-2.501
17066.186,-2.516
17314.084,-2.530
17565.583,-2.542
17820.735,-2.554
18079.593,-2.565
18342.212,-2.575
18608.645,-2.583
18878.949,-2.590
19153.178,-2.596
19431.391,-2.600
19713.646,-2.603
20000.000,-1.149
